,STD_PC1,STD_PC2,Cluster
34427,-0.8732381493366315,0.31731481366050474,0
13323,-0.4720363306871165,-0.17973800695760134,0
5866,-0.4153102340640287,-0.09431302185037367,0
33932,-0.1879983152850025,-0.11420520752595648,0
51534,-0.46025451959224895,-0.2674656475483373,0
45183,-0.5543515851479212,-0.18330602832747378,0
8718,-0.4392220024907104,-0.09222049040754388,0
53526,-0.5829717827422809,-0.18009973278305583,0
22759,0.9149878218543621,-0.5360789995975591,0
34335,-0.17736675614109393,-0.15661597433545107,0
21920,-0.3370983780531691,-0.10115738254275068,0
50574,-0.08618380152436132,0.01192220694037099,0
8653,-0.0028822229005624925,-0.17932021854920058,0
45217,-0.43423772781930536,3.0765496450982397,0
32643,-0.5652877949974888,-0.08332872252984247,0
37665,0.06651532073985346,0.023845427842133136,0
33445,-0.29080107329287785,-0.04324461098726559,0
23081,-0.624487278502794,-0.1419068377032698,0
46876,-0.4325680650800691,-0.06286579822537047,0
37162,-0.42806265611587163,-0.2508161640152211,0
53146,0.18119641681468232,3.5577314340689146,0
9409,0.9292104523622766,-0.3418504467688133,0
21250,-0.05540881777009125,-0.2429285900707617,0
38973,-0.30589689165070555,-0.2591419681889972,0
24271,0.4790092077995073,-0.6314282383568653,0
51190,0.20543746414684158,-0.17210931057379286,0
28587,-0.3511436870370447,-0.2959392878500863,0
33379,-0.013087860931909381,0.014020684944481658,0
25891,-0.41351514267116285,-0.07173684052871847,0
20732,-0.47361457790990574,0.6287373418066232,0
18402,-0.6506314150310579,-0.1202502218220785,0
27469,-0.4885521587578155,-0.21533108990268768,0
45970,0.30649354333462686,-0.4862637528910191,0
52517,0.2519927416272509,-0.2256287187644244,0
35303,-0.5558851788262005,-0.10892187529168014,0
40499,0.09308737761459353,-0.28114257089029926,0
35224,-0.5601719869774471,-0.18303535848018415,0
38623,0.003110318918286293,-0.18562480800769857,0
53508,-0.5912099304125684,-0.17423476082465897,0
4062,-0.3288556966921772,-0.2769632674610327,0
43756,-0.5984954778482124,-0.1508348276471696,0
2876,-0.6391687163118362,-0.12697460697678759,0
31367,-0.3009906569880321,-0.38085012735423246,0
33818,-0.4541373701505826,-0.09091523873176972,0
40987,0.05937081882838946,-0.19466779301658516,0
480,-0.5451741479546699,-0.2070089455084604,0
38282,-0.518442968809484,-0.13184173933313015,0
49027,-0.5130621703952438,-0.10079849619511633,0
18187,-0.010243724047449566,-0.587841149721629,0
10313,-0.16774459985698065,-0.07707762387699926,0
47932,-0.4928587965346175,-0.2442537341857645,0
35673,-0.5549005679957458,-0.07834033210071549,0
17522,-0.5061677750057906,-0.11750981456092087,0
35531,-0.44778243163340853,-0.1357468858799923,0
47034,-0.6290019710704355,-0.14732953071954644,0
12143,-0.04188617992268808,-0.1611807068369154,0
42913,-0.08969581290173054,-0.2724699950207801,0
35809,-0.3893760648413459,-0.10499692011406443,0
20781,-0.3399291883063724,-0.10090965684727671,0
2086,1.3854786075752767,-1.4577629016404594,0
10593,-0.5627135650719017,-0.17182564045433535,0
36868,-0.5879392007888746,-0.10582659969907875,0
30959,-0.21871904019192787,-0.11151682071711912,0
31401,0.3510913326653099,0.3134628333502486,0
29510,-0.16095448214830516,-0.3103868232610413,0
17,1.9178143021519058,-0.7073285605358559,0
29105,-0.38857990218210575,0.03185014251970901,0
52874,-0.30119847118911103,-0.18379111814704585,0
13466,-0.1370281920762521,0.0005232631446611693,0
12764,-0.33467503291216893,-0.10136945075175499,0
14970,-0.26805448706688884,-0.10719944978955845,0
11181,-0.6330920187606807,-0.14441770927959927,0
1489,-0.17266664360665704,-0.13298909904418682,0
10884,0.09235471932961081,-0.10043632160405712,0
1186,0.4184443080259547,-0.43707010272665686,0
48322,-0.3966452154429684,-0.2692466380976953,0
50309,-0.36720790529178904,-0.09852248196361788,0
20730,-0.04392552361403319,-0.2771709267437232,0
18809,-0.45142001658131903,-0.27375518185862346,0
43722,-0.647916462582486,-0.13386376550564855,0
37631,-0.16557701134769678,-0.11616730763669962,0
17786,-0.2741021271532784,-0.1066702176219548,0
16488,-0.5182386272386992,-0.1979160593903836,0
22107,0.38671008280339214,-0.35774656443162073,0
11937,-0.5462768156527191,-0.13320065624197833,0
29207,-0.2777104425569306,-0.014797396861275708,0
18296,0.2857920221568523,-0.47797206405873965,0
10539,-0.38047967936452354,-0.07008215895167975,0
46270,-0.31858983647501415,-0.2702049758674987,0
49880,-0.1184776678791553,-0.3160478051931887,0
35876,-0.5887155734852583,0.1268900623771991,0
12101,-0.6183868886691349,-0.13916589078449743,0
41472,-0.6360383744511344,-0.07499698608774939,0
25700,-0.4763619436245471,-0.11800490837239803,0
4558,-0.5128625702600714,-0.20106982611002477,0
264,0.06638295533256582,-0.100940370637095,0
35566,-0.42662403552003647,-0.19445719736711528,0
49161,0.6737879487623245,0.4520438802402171,0
35407,0.037142249919563,-0.17327593424220414,0
25208,-0.7262592149027405,1.5491976807169674,0
40062,-0.33489361276412677,-0.11987008610755552,0
5957,0.537003734990607,-0.22997902650670302,0
39000,-0.40426956388753005,-0.08484067419708315,0
10576,0.14184547520987115,-0.20963064561916003,0
14867,-0.4669939852461231,-0.03541086296913142,0
11119,-0.1616465401728011,-0.407104366200865,0
44214,0.03411011523660423,-0.1906075346779737,0
53575,-0.3748867694482623,-0.17079191746596734,0
50618,-0.13905512610347515,-0.15396782123721128,0
34654,-0.33724720618897636,-0.12393969655329161,0
52427,-0.4939459575980891,-0.2434797532610818,0
30637,-0.10252297665919188,0.004280970119280447,0
55198,-0.17227612065027179,-0.0033153272087840546,0
52107,-0.5426731015943081,-0.18358201636572907,0
4585,0.10132260810227414,-0.6672683991164531,0
32283,-0.15646374501748614,1.8699170126257179,0
34908,-0.23946999686476714,-0.20481386211906447,0
24136,-0.6822521144068157,-0.02902170046760595,0
6999,-0.6618420889253257,-0.11367368247864404,0
36959,-0.46981731496608703,-0.26065762116229296,0
41718,-0.30998088357624415,-0.17663323162493927,0
1208,-0.39347364256273515,-0.09622395346803274,0
13995,-0.1079179370866855,-0.1677787729347774,0
25448,-0.8432022477203222,0.4743550166186354,0
10816,-0.7240854528058346,0.49370332932273175,0
14340,-0.0367568312940625,-0.2605386721537746,0
44218,-0.3344002356796111,-0.25997736632807733,0
4369,0.1538282536066722,-0.4251159238477589,0
14435,0.33774494872451616,-0.2968539671193407,0
40929,-0.5171750089985075,-0.1856186770782348,0
13166,-0.4691924458798342,-0.2266881157711096,0
41894,-0.20655942342248518,-0.11258091518176888,0
15743,-0.09824192732683706,0.03069750786778028,0
17726,-0.6952526879536678,-0.09407395804905724,0
292,-0.4235071745574379,-0.17230131354954178,0
12395,0.2840878056794111,-0.3718242117782941,0
24152,0.14467629931307488,-0.2570954670576133,0
17497,-0.3142132240660972,0.2406584590598783,0
51518,-0.573541845978457,0.5806559397613837,0
50779,-0.09748744654526204,-0.12212586129677559,0
27683,-0.35880125666106333,-0.09925815221078323,0
17070,0.2794871614724158,-0.47544674514728014,0
44884,-0.005504577595735308,-0.4987022281790135,0
53843,-0.6195152698591546,-0.13850394634114416,0
49794,-0.49561895322117905,-0.08281157956322105,0
26541,-0.5632967657506922,-0.08584507588144612,0
41959,-0.47682057465142125,-0.19660843305812623,0
51117,-0.3525391612524612,-0.09980615147652878,0
50779,-0.09748744654526204,-0.12212586129677559,0
21097,-0.286554444529223,-0.1390657813789978,0
5634,0.678813967405301,-0.3173068484930317,0
30941,-0.11820933364567468,-0.11798359527250993,0
2449,0.5391263020719722,-0.1346920536358779,0
44175,-0.656497815668176,-0.11680880385218444,0
49190,-0.23646922812630208,-0.12394281221503167,0
48411,-0.0852514193485605,-0.17142205695175275,0
30338,-0.08873774980778786,-0.1609486325959493,0
42083,-0.5652561382535227,-0.11325256638857549,0
23703,-0.39445934612198774,-0.270528938851835,0
16032,-0.1981514863004729,2.0532401141466003,0
44293,-0.29507776163591054,-0.03207995738855024,0
53148,-0.35249310236389525,-0.16531742412595893,0
53901,0.13735440623401454,-0.09777984070580054,0
49281,-0.4888534542588156,-0.2151543403392791,0
17604,-0.1295551476193392,-0.33294085546680846,0
44644,-0.571712227726878,-0.18572010553299298,0
8045,-0.563929971810253,-0.1711120574130451,0
16455,-0.03297258315265226,2.9902726496911542,0
14899,-0.3451404526361337,-0.10045361636242683,0
28166,-0.18521766596867456,-0.20137460767207818,0
23,0.06768399813309728,-0.40832836937332956,0
24504,-0.0169750454346115,-0.39488387762987215,0
19637,-0.4060475504933674,-0.13704116731117438,0
24151,-0.33707070312456583,-0.22816180669757857,0
7444,2.0263957052695876,-0.4413963593362024,0
54613,-0.45252833906945344,2.7153417615655933,0
2290,-0.6137813467581699,-0.15816552666833175,0
51237,-0.26283456646943304,-0.34774423831733414,0
23527,-0.4779276942889624,-0.08073353981298222,0
36073,-0.4304367525601378,-0.28869376514279166,0
3479,-0.032684195100409916,-0.12779682794492403,0
17815,-0.5935646857445779,-0.04919473877737647,0
40676,0.054109983829067586,-0.1938221970458934,0
54272,-0.3320246847123119,-0.20739920834771683,0
42118,-0.5059786140287463,-0.2349133624442046,0
42820,-0.13091916776876014,-0.4465184840840762,0
37504,-0.23098306774641994,-0.09466217334350263,0
34698,-0.8524517606155277,0.2558023896001504,0
9085,3.2569378440350882,0.30030478675922295,0
22848,-0.3295718285205904,-0.16235206970203112,0
39216,-0.5903486838113691,-0.15561399721462588,0
2460,-0.23214593459680297,-0.07076312901998394,0
45704,0.10244192033117154,-0.5620270913672363,0
8700,-0.28261954195792705,-0.10592485416859926,0
26746,-0.46977918438029936,-0.09879556439931708,0
4183,-0.6031770895072168,-0.07545007844000289,0
1977,-0.11751971819312165,-0.120372826659334,0
34889,-0.5023952045040024,-0.237464493744494,0
2231,-0.5647121585618682,-0.17065320168372594,0
49486,-0.29138309291651093,-0.13659785323336054,0
23368,-0.7338813511985948,0.012117794796129473,0
14491,-0.5387828858278141,-0.08350786509513348,0
33301,-0.8007644679838122,0.102846014851619,0
9627,0.5364278044567914,-0.12814103411717914,0
15732,-0.4965969805822591,0.7288823630461476,0
29866,-0.33463168962265727,-0.23551562853874886,0
53098,-0.4204464390310155,-0.09386354984987347,0
51498,-0.5068504883503888,-0.08630228600847313,0
20487,-0.6218383548662938,0.9026504938721709,0
6936,-0.36984570575500136,-0.0982916466564717,0
46595,-0.35479094213569146,-0.09960909694603802,0
36465,-0.208142305564422,-0.14990475253773694,0
53368,-0.3629591968801825,-0.2890079324223037,0
28371,-0.3656220797612682,-0.07024780782975332,0
35680,-0.4371469543873771,-0.1070308262472604,0
50026,0.4532888796202511,-0.5091632794345792,0
6299,0.31770498012142223,-0.1087201313234112,0
23389,-0.42934633490282986,-0.09308471527698163,0
46416,-0.18137753480873925,-0.2359951731246532,0
39566,-0.5939346910487614,-0.1535103308422938,0
17152,0.30373155157438525,-0.43860577580829446,0
22247,-0.5930012657711534,-0.15405790792108856,0
29364,-0.3220711761965688,-0.0457852120177519,0
16530,-0.21447163788132856,-0.1551870561045587,0
45794,-0.6800668761682598,-0.11097497039318577,0
5114,-0.04579655351202135,-0.1578795973267234,0
30133,-0.38223013550379353,-0.05870240954948628,0
18493,-0.5205780981876403,-0.19654365101568275,0
48092,-0.5233810393687794,-0.1286128518717549,0
14419,-0.2955887400307784,-0.07980601792673085,0
30618,-0.5388448764051316,-0.1858277755243306,0
11989,0.6964816483211502,0.09129463503201311,0
5840,1.4950266218824577,-0.1227919972652364,0
50424,-0.6437152013907443,1.184774028472819,0
25194,-0.3868146553427454,-0.12295053916068831,0
9410,1.3359598438770317,-0.8493261262743648,0
51296,-0.6622047069224115,-0.11346095918056535,0
32189,-0.4899350721212034,-0.24633521686670745,0
49297,0.6738914184681613,0.07363668948766977,0
51940,-0.09807164652841217,-0.07554382517030897,0
51681,-0.6057206404302566,0.012264464030280347,0
13669,-0.5448353398956022,-0.18231357832244482,0
25236,-0.009118569284900742,0.3484180920321766,0
47679,-0.4105723144877722,-0.30283582436854833,0
50735,-0.33999281914854357,-0.16354867998213138,0
49633,-0.606984921670507,-0.14585464877230775,0
29564,0.06690211298041063,-0.27135819064090755,0
6446,0.4754188231962869,2.0819607038768138,0
49548,-0.4267266834940185,-0.2913350689779954,0
30635,0.10039866853485728,-0.18588959220620502,0
18236,-0.3865031791097952,-0.06845760661640751,0
41554,-0.41910558613093757,-0.0829609717959922,0
51461,-0.5585708700882499,-0.1742558776376474,0
39543,-0.4607176748710986,-0.15502538656203063,0
10356,-0.6132768578946255,-0.14216359803668213,0
29017,-0.42860646404119696,-0.09314946176557146,0
24664,0.5072330868101443,1.338458771897292,0
2356,-0.41927693838426044,-0.2559701466274346,0
10521,-0.1093753188154231,-0.1675445218857064,0
1927,-0.45812548855010543,-0.0905662363911725,0
42891,-0.6513804262176442,-0.10074048104779489,0
28923,-0.7220367823112334,0.13669750639221973,0
31606,-0.05941692167805046,-0.12446535193896295,0
25694,-0.5822568333389452,-0.10986602701239175,0
45134,-0.5725434805023779,-0.1875239381576827,0
28233,-0.45034694214447885,-0.17613284564056242,0
42806,-0.5601909494044861,-0.13072937361298204,0
16290,-0.4709678058002464,-0.25983855397015304,0
52084,-0.6075317578922974,0.08475875684297698,0
18529,-0.40201536466667454,-0.2660963370557682,0
44912,-0.489007836680403,-0.1509315967832697,0
21519,-0.6075343428782132,-0.14553234074491586,0
46809,-0.2523542092385699,-0.3538923505817774,0
54828,-0.9115796161452723,0.43077735864960776,0
28751,-0.21505640025645634,-0.1269763729763612,0
27770,-0.20339367409085857,0.3797592836519634,0
6789,0.431226727152377,1.3892515170497914,0
2810,-0.14259244050660028,-0.11817869953071267,0
32928,-0.37238735258701605,0.10480773726900178,0
46215,-0.5158947819489323,-0.21419908141026767,0
28227,-0.1427517434767195,-0.2289111941104991,0
47206,-0.5736261237962457,-0.059794543328701134,0
8278,0.923778148204515,-0.16652397613036535,0
14371,-0.4466600247288151,0.08919698509293779,0
28075,-0.46543877599025263,-0.19306703406711276,0
17486,3.302511936228648,-1.4657357362379329,0
27049,-0.48633055267289677,-0.24890137692281564,0
44884,-0.005504577595735308,-0.4987022281790135,0
52463,-0.5554391649358165,-0.19970098756009433,0
30780,-0.54738749002172,-0.18081640555004375,0
13141,-0.2918194983364158,-0.0756665679233962,0
27707,-0.36739722313458106,-0.09530696096942307,0
16771,1.5972222091861552,-0.5926887086280637,0
4025,-0.018607880182820585,-0.27890084887706745,0
42560,-0.5327480733260723,-0.18940435492506646,0
51820,-0.8723282427468486,0.3490392887017551,0
18847,-0.1179710311504033,-0.14141902649437668,0
22261,-0.7954886240017949,0.2148454054404676,0
23501,-0.570775683228769,1.3078344638670218,0
48351,-0.4012603194277738,-0.16418455219453823,0
12029,-0.31698418184485444,-0.19058287786118228,0
40817,-0.5780844229891621,-0.1736431391991635,0
27291,-0.5219546050843659,-0.19573614810834603,0
39999,-0.38101329592049715,-0.2784168213286517,0
20989,3.1767002958256687,0.4355281210261808,0
36486,-0.4833783272864988,-0.08835634717956367,0
14544,-0.28137488165448465,-0.11207284763851894,0
779,1.555960820852217,-1.2538339792998654,0
6839,-0.4813624733054458,-0.08853275562264641,0
27264,-0.5748972369796029,-0.18584823188385502,0
47886,-0.6044032327697815,-0.14736914993327832,0
1744,0.5714458012701092,-0.2734129584449421,0
53463,-0.6210486275471523,-0.011913111204138476,0
15281,-0.4965780784164151,-0.08720123000947351,0
5346,0.7584210418075195,-0.3229761328037534,0
28743,-0.5189350457570572,-0.08524476002817302,0
39382,-0.21002985676716918,-0.18579135100574665,0
19844,-0.574427541180336,-0.1861826217008296,0
5015,0.5098550010057095,-0.02908472483566743,0
31513,-0.29572890106004446,-0.32844737109493893,0
45762,2.022247670359739,-0.24003139888712083,0
42092,1.1747090665796216,-0.3227421352160344,0
4061,0.7461937469387686,-0.3241933015125523,0
48745,0.06495884023509567,0.022520172044518182,0
3887,0.7079076709339052,-0.6470442583597462,0
22956,-0.6633980734165682,-0.11276089228235932,0
32575,-0.1507064927169167,-0.0009663390820489053,0
11131,0.17456949400958235,-0.07321730816805742,0
49809,0.04597969461509,1.925974694598647,0
13357,-0.09938353630475312,2.2844505938032444,0
14029,-0.5571589166619949,-0.1750841746112675,0
49550,-0.2997243978998949,-0.228786462638258,0
50110,-0.4497749661256078,-0.19839892365160325,0
17774,0.11650187167117808,-0.3016769222540899,0
12807,0.5640655880829124,-0.17123079672409033,0
31930,-0.43328229618321934,-0.18282703681422244,0
46216,-0.5451173654590009,-0.1716681832715789,0
22302,-0.46675369634777547,-0.05550833244831891,0
37203,-0.6338098738001758,0.30544725618556445,0
7981,-0.20353560337929044,-0.11284553126557069,0
23587,-0.6246111069694237,-0.1504555119299156,0
6802,-0.3248049069600173,-0.3113904574290367,0
35776,0.20042957155625052,-0.13352312517373238,0
12422,-0.14372433817959332,-0.3101834294320426,0
26083,-0.3849005052698433,-0.09697419322566839,0
16018,-0.611567472490243,0.3290456849456921,0
20163,-0.46925647036655616,-0.08959215831276067,0
8383,-0.38236026404261486,-0.2776266468098846,0
38680,-0.47468171174264273,-0.10589165061194417,0
25830,-0.3586264347540925,-0.12748134952706758,0
52626,0.25877530575860813,-0.22671890861093635,0
24847,-0.3116259270908606,1.681668988783461,0
39032,-0.5965982384019111,-0.17039867090183816,0
9599,0.36969337926551477,-0.05011353864638494,0
37316,-0.25400551429731777,-0.012215869020416057,0
39793,-0.33481499700234085,-0.13130866131727895,0
5632,1.6283101030885216,-0.5480058257680727,0
10013,-0.6736039892651521,-0.1113661094171507,0
44046,-0.0431957444273917,-0.1903404188101742,0
51252,-1.0287089875398086,0.8537049099523847,0
12646,0.45597121355485004,-0.28497317904745,0
11746,0.5058215452939177,-0.5661016427549234,0
19892,0.9717689488275728,1.195460655346995,0
31516,-0.6714012525458302,-0.11714427465691922,0
14160,-0.6021712582224259,-0.16643107936560034,0
8655,-0.2155824168796877,-0.18033938394886956,0
39640,-0.352091527738246,-0.19159656386101415,0
678,0.1726355908138087,1.5503597161103182,0
38844,-0.48623041107363885,-0.21669310124424693,0
52721,-0.38115173542795217,-0.16251048375194246,0
44806,-0.3104459720605541,-0.11413446288980739,0
4591,0.028911094056744666,-0.37508219889076216,0
42241,-0.2034415658726283,-0.28201676959490757,0
9735,-0.5002816501113534,-0.12070207323138114,0
16425,-0.40544777027610585,-0.2640827783039971,0
35281,-0.3837240319754026,-0.11611939196262681,0
18834,-0.49418544876138076,-0.1010270400911061,0
53289,-0.5584940692742696,-0.17430093144792802,0
48188,-0.5209443789927778,-0.19632877899742138,0
26002,-0.46906838302648135,-0.22676089500310123,0
26587,-0.3738255950803235,-0.1525960165544345,0
25201,-0.540556736569962,-0.08922302760763165,0
19952,-0.31691813223298276,-0.10292336647791031,0
47626,-0.42886381042785204,-0.09312694124780106,0
1367,2.322926732974738,-1.415206313793063,0
17953,-0.37092094375530354,-0.02494826090392451,0
2813,-0.3469898649687405,-0.23832638047048008,0
20509,-0.5852867331395176,0.12076645215164478,0
53867,-0.34775694095384063,-0.12922844864006733,0
50008,-0.5974597928817763,-0.1591881051194503,0
27416,-0.052364536779993066,0.40620999948254427,0
42021,-0.5868985549371728,-0.1576379529995384,0
28481,-0.6041860806749542,-0.06731048871780644,0
54978,-0.5663560058925434,-0.15139767697878453,0
12890,-0.5484627014174457,-0.18018565220611543,0
8403,1.5977348506863467,-1.219684671118931,0
37153,-0.5207695528411618,-0.1655850906545546,0
24556,-0.00033825002632830017,0.9901956558786731,0
27407,-0.6544241167121695,-0.1229279209362571,0
30932,0.04535641815526479,-0.19241519989355754,0
20485,-0.2660765300894984,-0.24150835322020503,0
29778,-0.23246967224447532,-0.12300127031989022,0
49331,-0.7066827912740091,0.14220203821514807,0
15218,-0.31927006645219913,-0.13889498465323397,0
5596,-0.32638910071929467,-0.0200986283151557,0
46881,-0.4220958236450871,-0.2543164985062513,0
17735,-0.5075487921834134,-0.11725642938079525,0
54764,-0.4997888410138392,-0.18323777395280139,0
31247,-0.12504825931588212,-0.1650253447326897,0
5964,0.09591797987762583,-0.4766324845398493,0
33279,-0.5989308849555738,-0.1687379933838295,0
24082,-0.4923374411126255,-0.11527366062112036,0
42344,-0.3369636732506633,-0.16179541229818425,0
38641,0.004669410462575201,-0.3653725502418877,0
14238,-0.4161471935544709,-0.11530161891689399,0
44561,-0.3880342403280903,-0.23754658917767993,0
45656,-0.636131202298317,0.7596632367664149,0
47140,0.8980009766188805,-0.5003580620133945,0
16891,-0.07550577601849173,-0.1240494888563276,0
22647,-0.4843239589085032,-0.037298141808402144,0
20523,-0.7986053503907872,1.6456703993316502,0
40687,-0.47064587946591746,-0.2600677424963941,0
40900,0.0513552698362494,-0.13515116576221095,0
15142,0.21889020687798114,-0.2910841619214666,0
35960,-0.6074570721333941,0.05325807048665191,0
40756,-0.14803426192918714,-0.09356478692442824,0
47970,-0.16786151270790367,-0.03307007060161757,0
29334,1.2509444676226866,-1.1919115115414767,0
7729,-0.02703894488018228,-0.12829084676351066,0
31271,-0.27753196693818794,-0.08467557179896848,0
5808,-0.5912598942300613,-0.15397142742723174,0
4898,-0.5213783032676312,-0.223949885074184,0
7934,1.2459321121491647,-0.3363936588646502,0
2860,-0.6638405642601934,-0.11250131302158885,0
35778,-0.21942982208639467,-0.1942126969610709,0
41746,-0.4005287557760298,-0.09617533574835851,0
15751,-0.43585378329004065,-0.09751746465438886,0
54840,-0.5106994468642837,1.6178620434005666,0
2874,0.6563545766266091,-0.2184555396211598,0
32492,-0.11939281557497067,-0.1783050349747087,0
33262,-0.2819998582090774,-0.06929717402807109,0
26650,-0.5076105761347967,-0.2041508135976742,0
25348,0.12861049831000615,-0.3962938545956483,0
27651,-0.5400027963697589,-0.18514850269240796,0
5535,0.3027647978119307,0.015226313572953303,0
30303,-0.3278193389471785,-0.10764401672651949,0
7917,-0.25138533743143254,-0.35446072172685567,0
52223,0.3530305381268384,-0.20709589114299687,0
46387,-0.4988225335593516,-0.09642731632073251,0
6872,-0.6291233531309202,-0.1472431153735867,0
37826,0.08977933613858399,0.007037500828286342,0
24881,-0.3461426507679681,-0.15250585454084806,0
47781,-0.4535132643179903,-0.23588602442377726,0
32623,-0.6505900607466069,-0.12027448156607577,0
23061,-0.23843881864010866,-0.14679960678587659,0
19470,-0.0474142833313094,-0.18292586895266896,0
23757,-0.43773153800133446,-0.09235092173963062,0
36765,-0.5316431492675127,-0.12613340820286462,0
11412,-0.12130838956832876,-0.4307680136313152,0
4191,-0.566682217595564,-0.16949750213647458,0
19820,-0.2592618503167419,-0.2339115535735921,0
38647,-0.15616816517730595,-0.20526666163790364,0
52881,-0.32924473354755457,-0.20465582877825544,0
13346,-0.3043876174605056,-0.268971138615752,0
13116,-0.5616974370062083,-0.08150260065866388,0
418,2.4507400448245615,0.10962473563619574,0
2913,-0.4593464870368316,-0.19231302774930414,0
25528,-0.3593017668909462,2.3457062140894105,0
7674,-0.0027005351447123528,-0.04874693365810037,0
12359,0.4855544113341455,-0.48802497891176383,0
40224,-0.4601278600508736,-0.267555820083252,0
40486,-0.630574660375846,-0.14620988841102478,0
21424,-0.4751057226405401,0.26290404445770643,0
22922,-0.8653927830700272,0.32665745345026365,0
29498,-0.3780159809771818,-0.06583163053794734,0
44119,-0.3033309456077185,2.1319860552955334,0
41274,0.13012397713882815,-0.20604024350947145,0
20523,-0.7986053503907872,1.6456703993316502,0
16217,-0.35469824577322456,-0.1072131372108635,0
29529,-0.6521868602137276,-0.07358382359765893,0
27583,-0.20398595955593646,-0.11280612035947248,0
43941,-0.5792952743531136,-0.16209828021731665,0
5466,1.1784363280403518,-1.2938963958302088,0
45869,-0.057577311081535736,-0.12561841826099648,0
925,-0.6124623459591723,-0.15910456090379763,0
51443,-0.36918859862497466,-0.21562924141984846,0
18163,-0.2246077747468898,-0.26214529120039354,0
31576,0.8059790622068914,-0.4968233153994533,0
12093,-0.8852264827559745,0.3527914642207295,0
35890,-0.4228793999247423,-0.29407405972602313,0
43324,0.2936815269705318,-0.4811320887928656,0
39778,-0.4287029689361928,-0.09314101657140757,0
25927,-0.7266560616295609,0.2948193107966742,0
26955,-0.43069160705596976,-0.24927393743253942,0
12945,-0.3782365813967028,-0.13832058167605799,0
35137,-0.5778183356227216,-0.16296469964578936,0
33322,0.04306657163274044,-0.13442581741902374,0
14905,-0.40556815531277957,-0.11993621082439274,0
34925,-0.5646250812564638,-0.09437032713749663,0
26639,-0.5755733887525253,-0.16428165717706814,0
3139,0.7895562468842747,-0.037806025924188025,0
29181,-0.14234015829937516,-0.16697523515712945,0
38962,-0.2857363283833008,-0.1056521025477529,0
30838,-0.21298286439911648,-0.07808266775220248,0
42832,-0.10285967717807701,-0.20121814960270762,0
13985,-0.49050762563685474,-0.21418395057938955,0
41413,0.017688762787366447,-0.18986416934394915,0
15508,-0.2839605183688675,-0.14925954430125365,0
31048,2.438539482748311,0.018542256928057558,0
17452,-0.2963089804903749,-0.11889959333740645,0
47,2.6775018150238594,0.08476304482418628,0
27566,-0.42384196316760175,-0.19373864272746194,0
34505,-0.43589287179845876,-0.032023871480797446,0
40950,0.32319635730787416,-0.3428679179040476,0
25762,-0.34965303898356975,1.1900310546393746,0
9130,-0.3653221137695714,-0.10231400487012939,0
411,0.10540069588844628,-0.02947365806360424,0
34914,-0.3147235114203932,0.9666066185397179,0
50508,-0.5347135254500983,1.5947826032769317,0
8798,1.1119379036185268,0.13653889301767175,0
40150,-0.8500411003015979,0.24866860789879344,0
7461,-0.34494259077228656,-0.27032050967000715,0
16339,-0.11846111451817297,-0.1202904445713519,0
6228,0.29511962152113,-0.12855129820537048,0
9304,-0.5669961214707235,-0.15767892953668558,0
26266,-0.48559828129703103,-0.21706392875963332,0
12135,-0.07849784053400395,-0.17250758786729667,0
39592,-0.3053088702929782,-0.12689850587700263,0
4581,0.24797272798341036,-0.6474001109763555,0
10096,-0.2966318447790516,-0.15284839832536293,0
5393,-0.42036766260152053,-0.10839279922860061,0
3376,0.4012360647528181,0.07087072743554271,0
37084,-0.3542915082652599,-0.19414677593308888,0
44086,-0.8489400611227536,0.24541034164654218,0
35919,0.4866137917985224,-0.1732408681511565,0
14626,-0.4439579740137032,1.0712214598124206,0
2133,-0.6007664188400635,-0.14950262113394983,0
33481,-0.5961973611837224,-0.1521829762778734,0
46875,-0.8369492921452703,0.32758467339053937,0
22303,-0.6758319376821025,0.07847055014714793,0
17444,-0.41216292020367523,0.12237989776241194,0
37162,-0.42806265611587163,-0.2508161640152211,0
1344,3.0219610812325723,-0.1618850271575072,0
54349,-0.6165470422045749,-0.08914425992718784,0
9295,0.1983072318905344,-0.046169571922719435,0
36085,-0.5184123590070921,-0.22606142526676506,0
15108,-0.5369898413597588,-0.18691599832649247,0
26893,-0.3758923146823562,0.2740311397124615,0
17020,-0.05354264269861208,-0.10064557200178871,0
4295,-0.2003956976909242,-0.1910600000748499,0
11612,-0.5969961560980953,-0.03822579544753873,0
30684,1.4892106911739178,-0.13208095701485814,0
43743,-0.3314109152667965,-0.11171109669589235,0
28803,0.45140936939620924,-0.22321615268003367,0
49533,-0.3697170325616741,-0.09830290691535677,0
17128,-0.21798392618479928,-0.00829302514736053,0
42234,-0.3985851989945545,-0.11932589821780128,0
17140,-0.4510899839246146,-0.13324472109465413,0
28000,-0.2162320478281648,0.7148572431756575,0
2922,-0.5952404156311971,-0.16080125797047187,0
52802,-0.35493234773062826,-0.10110630939584352,0
33231,-0.5903427760564475,-0.15561746289233966,0
28158,1.0097784392420652,-0.9148533985538371,0
21832,-0.21908998636343116,0.37753334584463893,0
21611,-0.9257220349788009,0.5213495776912372,0
45190,-0.40690997890690767,-0.19491121565622394,0
17475,-0.421405587527732,-0.2005940797738113,0
3513,-0.3285833539023858,-0.020337588147474363,0
29732,1.6855151027451336,2.110656280524993,0
46641,-0.2956853219596635,-0.13152500462497466,0
23557,0.10439111365171914,-0.25149480411924635,0
50112,-0.5221910353247898,-0.22337127797514936,0
38052,-0.4699013764704224,-0.22627223444544256,0
39839,-0.306926922747624,-0.22578778501570726,0
20989,3.1767002958256687,0.4355281210261808,0
44687,-0.2961486671801339,-0.14030634422670268,0
7461,-0.34494259077228656,-0.27032050967000715,0
25298,-0.3375189402906023,2.4822910130916926,0
26229,-0.20656320084148927,-0.3807548185421494,0
38501,-0.27117481200507937,-0.10692638851159281,0
40365,-0.6084854914205856,-0.14497436663297936,0
19150,0.12273820094153357,-0.3111361404225762,0
20534,-0.46750932874106094,-0.11978958016213674,0
26808,-0.9152726090657239,0.4876276125789901,0
42749,-0.27477995664433374,-0.2594225597957608,0
8611,1.2717799455775192,-0.35850144476511325,0
28545,-0.27291190011499966,-0.10677437501664282,0
30765,-0.4884635424339918,-0.2153830750683959,0
16659,-0.11569470340109415,-0.12053253466452213,0
53733,-0.47661608672270006,-0.16129576294395032,0
43356,-0.38818517212657255,-0.2228419760133764,0
187,0.05560236605767598,-0.29360163178940923,0
18691,-0.16020744859509659,-0.1593740614685066,0
30911,-0.37026824836774314,-0.1265382578252703,0
38050,-0.3811905285681442,-0.278312850997235,0
39269,-0.5353154496367363,-0.12427859921744783,0
5566,-0.5059149148343963,-0.23495871171488872,0
45845,-0.9570048660355879,0.6306166199315724,0
2237,-0.5704456937908002,-0.16728972680561718,0
10474,-0.038922708277675355,-0.19461301237218753,0
10860,-0.36302602650864724,-0.09888844037738634,0
3783,-0.13114450612499498,-0.4249978335215716,0
43093,-0.10091619814410106,-0.15715391823877078,0
35667,-0.3311579656278857,-0.10167723116128326,0
39754,-0.07701958937716966,-0.17274519334666458,0
34595,-0.6103968129878398,-0.10814667096747904,0
40693,-0.5478007321268451,-0.08271870861826361,0
6188,0.34257487463456876,-0.16063594668410128,0
20719,0.0731911772838158,-0.16849088178812724,0
22875,-0.47305947602795634,-0.03607141056287621,0
46420,-0.18605115702244132,-0.24236485626902898,0
27784,-0.6771040648346084,-0.10472051998613138,0
25995,-0.13528007614651896,-0.16338074210098594,0
33800,-0.5516921535034627,-0.20236859171798133,0
42122,-0.5004780650263051,-0.11875321068973926,0
18306,-0.09025608491203654,-0.3495217097344034,0
44625,-0.26665875187967664,-0.256696058584282,0
39837,-0.30707604882409845,-0.13576725825365418,0
5831,0.8706883211214134,0.8193646288286347,0
12147,-0.5686887784878986,1.3243941212603803,0
19255,-0.3543661365619887,-0.17995855777670033,0
51836,-0.5500168615944913,0.2181547363427436,0
14856,-0.47607388238704723,-0.18946230319379395,0
48917,-0.6181198054739374,-0.15507685434428348,0
22755,-0.4891999008503879,-0.2357063373833086,0
27845,-0.06151902111873905,0.008746406658626442,0
39729,-0.23840983332330784,-0.14680426571684463,0
45637,0.4123899349134766,0.10187723121736833,0
34262,-0.20946529303846315,-0.11232662100194518,0
44046,-0.0431957444273917,-0.1903404188101742,0
43320,-0.24962715092516768,-0.14500125943222886,0
3887,0.7079076709339052,-0.6470442583597462,0
18108,0.25996668451835475,-0.1534068604798139,0
25469,-0.46670894670591834,-0.15906439228741978,0
12287,-0.4214281813337484,-0.04897370196360565,0
14180,0.145713422863633,0.031314554421441126,0
29143,0.07599452265741624,-0.1741312576248657,0
13624,-0.5696656338309564,-0.16774733489095958,0
52261,-0.6179773134898903,-0.1551782984460623,0
45010,-0.21507379389795075,0.1726757749815399,0
20907,-0.4912874492865018,-0.21372648112115586,0
28259,0.18934713364979244,1.1931863092763098,0
23307,-0.5270452826828406,-0.16382027995331194,0
21886,-0.5589020788294039,0.2500964406575532,0
3917,-0.2849155478085265,-0.35472378441188235,0
8802,-0.38452825266198654,-0.15164084232562544,0
12503,0.4542417609105619,-0.17040797468662594,0
1587,-0.4168772487335969,-0.0299530210729998,0
20777,-0.6296573881068542,-0.09283545294651731,0
22797,-0.5964861390550175,-0.10487802960962465,0
39617,-0.39507853903308393,0.4610244603741087,0
13459,0.6993393010276541,-0.16110588463199088,0
58,-0.49416606194958546,-0.21203779499828523,0
13563,-0.4843239589085032,-0.037298141808402144,0
37820,-0.008831616342658704,-0.12988417966866664,0
43154,-0.2835811826269342,-0.11710979561766943,0
19155,0.10270457732857395,-0.17016640658398519,0
26310,-0.49639764219698235,-0.1278118780152202,0
48278,-0.1659497053265998,-0.2802858353674549,0
12097,0.9748983991335104,-0.24347965451151324,0
31024,0.05423090306106288,-0.4129499047482563,0
55071,-0.682373782224648,-0.10162913546534035,0
49358,0.18725960201953176,-0.18482972598423178,0
33363,-0.11991484308465186,0.002386950998440978,0
10958,-0.5328364246324588,-0.14805310942379316,0
26345,1.1780214714231974,2.029872730256442,0
25630,-0.39043781994282917,-0.12236817278968834,0
22593,-0.2741777142553363,-0.14105514490233353,0
27781,0.05165902022387134,3.9722382877656504,0
23423,-0.3334570038829731,-0.11997297368877366,0
10048,-0.5901878934632874,-0.1749623780376398,0
38648,-0.3796697747513796,-0.1240989656443001,0
1156,0.14415126142436294,-0.24114912903412303,0
54942,-0.8723473104371752,0.6333168447268236,0
19211,0.8445570277461976,-1.021370715414922,0
43892,-0.5484834451219538,-0.204652962602482,0
32741,-0.5603869724099254,-0.09426964894173104,0
34463,0.20748700108945492,-0.44660814335357796,0
34161,-0.1118559531334924,-0.1208684657212635,0
44297,-0.5356518381235132,-0.08378186472800632,0
21207,0.2952933501430308,-0.3479688214861503,0
46154,-0.8443649355907854,0.23187133467290266,0
35326,-0.04276551390552046,0.01078871197398006,0
52268,-0.653457817517657,-0.12991871710313926,0
29510,-0.16095448214830516,-0.3103868232610413,0
5411,-0.39917746217175365,-0.11364944313079563,0
48844,-0.5595661549922961,-0.1967628657974637,0
3297,-0.6851048649760819,-0.10738828267318261,0
53279,0.011994318517692004,-0.18705277034939036,0
18915,0.7081715986919421,7.233835946812797,0
21662,-0.6578817901640676,-0.1205479646335414,0
22033,-0.053512497451825354,-0.17652358636171203,0
3858,-0.20696688853468867,-0.11254525769529909,0
18765,-0.21007863743551536,-0.06468853551512345,0
25794,-0.21199586584056934,-0.11210516924386986,0
10182,-0.30103624221033737,4.161429035044233,0
11836,0.16337113915950557,0.43124986060829684,0
42429,-0.542308654569473,-0.12785733402599922,0
30749,-0.5080414808967151,-0.12430374338332194,0
49627,0.5504370525331305,-0.6291960412392058,0
26833,1.015149675126591,3.609523318377806,0
50546,-0.54497712601372,-0.18223040205731147,0
19030,-0.15668331838633448,-0.1445810829674566,0
43463,-0.0625936754489246,-0.3384313137265816,0
54506,1.1504234128973323,-0.680986339552405,0
24738,-0.5190735256864565,-0.11471494771300379,0
40893,-0.019909527444463962,-0.13289872569102537,0
19917,-0.8968079103918319,0.3870639729051219,0
21450,0.6070049018018734,-0.28269130526047953,0
25024,-0.3686070105852023,-0.28569474452782356,0
54056,-0.5137437550586783,-0.15596348284350936,0
46143,-0.4132943540352322,-0.09448943257290823,0
46896,-0.25455251435558446,-0.2373264863760686,0
14313,-0.7237132200969663,-0.021270733680528512,0
22377,-0.4792710757760309,-0.22077566959121092,0
8238,0.4089570135578127,-0.2613765013880351,0
47632,0.08912424652427857,-0.1994501856552365,0
14015,-0.500737212528182,0.12326919278582565,0
22573,-0.0927503022774647,-0.4475210997002661,0
34968,-0.40282641949281883,-0.11967889061855283,0
46765,-0.20827230402418115,-0.2140268146754156,0
15069,-0.38863774718693317,-0.02687766650300031,0
42678,-0.4622193326223975,-0.10211341107838211,0
2451,-0.22510256287106148,-0.36987903668107824,0
16981,-0.47625071981805706,-0.03351363893520003,0
26051,0.7160088150728678,0.09342119386697723,0
16425,-0.40544777027610585,-0.2640827783039971,0
12569,-0.42038696913801393,-0.2764715064195124,0
32724,0.7487897438205517,-0.24063083585497624,0
44897,-0.540366679512151,-0.21043151921491918,0
52932,0.0016755457366530307,-0.18539419092478257,0
29962,0.1866702100896387,1.0118223480569715,0
122,2.554272404236988,0.957847980222721,0
29424,-0.32856305622911564,-0.10190431304880121,0
33491,-0.17835636449585576,-0.14034579054360832,0
43148,-0.5724843612786344,-0.1008662893985252,0
28762,-0.5441382248148571,-0.18272252829268396,0
43081,-0.37407043862405437,-0.09792193805908553,0
21249,-0.4885542091344246,-0.09344007395960646,0
22040,-0.6042301164750343,-0.10063147134335314,0
39332,-0.06032818546130182,-0.10445970884765583,0
42684,0.22465764217208245,0.03991178356247606,0
21907,-0.00417948825708257,-0.18445308686924672,0
28210,-0.4666186699033438,-0.08982299361990696,0
9585,0.2966814356811168,-0.15661978768171939,0
25584,-0.5723328381417173,-0.08574339574483128,0
47499,-0.6992925081738656,0.015746823873811606,0
8860,-0.4740281012857819,-0.08917459037910187,0
26959,-0.40024303819020374,-0.26713604036993543,0
19103,-0.4598633272536536,-0.09041415721137906,0
34437,-0.3815972983186245,-0.12378914673492808,0
30183,-0.1290536307332298,-0.06514744188202695,0
44762,0.01117270685361936,-0.4070219497679111,0
6943,-0.6224777251913154,0.8975770694256764,0
15217,0.5180298230696637,-0.2326362102060672,0
25532,-0.11932972111259417,-0.12021443235101575,0
49780,-0.11977668242401328,-0.0458251147472737,0
4715,-0.221635684796032,-0.11126158361241219,0
17436,0.5418637702760692,-0.5805378241257809,0
13256,-0.4749871781476716,-0.15456159615306167,0
51557,-0.20595894852029037,-0.11263346305656642,0
16325,-0.5792300487908176,-0.18276357975198823,0
33071,-0.6322923851762646,-0.019479677995199784,0
43809,-0.1277470925094307,-0.11947782374894336,0
54544,-0.6450349580161973,-0.13591519067495328,0
47972,-0.7597414919548013,0.48532785374768983,0
2706,0.20461219569115763,-0.21423414801745377,0
29837,-0.5681653481107916,-0.08506349547986775,0
40502,-0.5607862781838383,-0.17295624849493818,0
34574,-0.320718604895532,-0.3217334299303739,0
16418,-0.49216506860652476,-0.04620267378746646,0
31401,0.3510913326653099,0.3134628333502486,0
28148,0.33561871259199094,1.9814295677048483,0
55006,-0.20919515382744933,-0.007335905164587489,0
44461,0.2730474374578313,-0.4728674087189976,0
28290,-0.5712143973473887,-0.1380483840022873,0
41704,-0.4678572932675596,-0.22747135893444903,0
13307,-0.501297561354866,-0.220748776780848,0
19233,-0.33332404648859565,-0.10148767628487822,0
24950,-0.28776656549844165,-0.14477122552886282,0
34021,-0.30800751359505785,-0.10370313940570912,0
55087,-0.3726662055488412,-0.2455242062938156,0
20669,-0.47802587728767787,-0.141651640967564,0
30126,-0.4301183740627944,-0.09301715372367055,0
10935,-0.26268238124546867,-0.1076695655980149,0
53479,-0.4649445567407951,-0.23012753801280844,0
5055,-0.08569240382358037,-0.12315805169458402,0
15565,-0.16797896854416344,-0.11595711109798071,0
33666,-0.47095066741203406,-0.08944389823743917,0
5371,-0.40910517480017433,-0.30388032289797434,0
16896,-0.5499742653440484,-0.06796952082584409,0
52196,-0.24785010369343458,-0.13142932012035471,0
14747,-0.40698936756218784,-0.09504118525828215,0
13584,-0.10892723143803974,-0.21174702912912624,0
53090,-0.5783962068100966,-0.18335721560684207,0
19344,-0.1479627830092291,-0.09519460154168506,0
45265,-0.38670773987467855,-0.1473913323915514,0
19441,-0.5918374380516043,-0.1547406464307252,0
67,0.24034924670428076,-0.4566713471349999,0
54427,-0.23503202980786578,0.7460358405459716,0
41481,-0.27349610556431414,-0.12777386108836342,0
44013,-0.49912604655034193,0.9875891791429772,0
5741,0.8641572653599009,0.6770527650322129,0
39049,-0.5638728220761193,0.158315319681372,0
31006,-0.5810794748231446,-0.11752507697480936,0
51427,0.39260579394153317,-0.2433901413489661,0
24054,-0.36773045129860726,-0.16246501401643768,0
11412,-0.12130838956832876,-0.4307680136313152,0
7945,0.16794751292211638,-0.369250353368318,0
4033,1.1516357164333315,-0.6266349249320373,0
30890,-0.5712874400504059,-0.18841814912891808,0
42754,-0.3577060597571283,-0.11266556843741515,0
41169,-0.2404087333382318,-0.15643834103584367,0
15810,-0.6593336456733899,-0.11514531946833607,0
558,-0.2207650977885117,-0.2750780845152439,0
8073,-0.4077710393896304,-0.11958213207082476,0
44331,-0.35676786972237834,-0.29263996266646175,0
25416,-0.5369484482967014,1.9094987630840896,0
45602,-0.5099034269524356,-0.1322421672870155,0
16572,-0.4854485641694143,-0.19429942691083332,0
45994,-0.132486596298317,-0.31043673563323404,0
46784,0.5200546175768354,-0.11969811743289917,0
11713,2.3340332761465348,0.04813003110476399,0
31321,-0.6596854681080453,0.11497814397819286,0
55134,-0.650871851881244,-0.1317597396909769,0
35727,-0.6053307502924677,-0.1468250385321973,0
12460,-0.4452187764081077,-0.2407518359340806,0
53852,-0.46924615982534573,-0.23628902907434882,0
49847,-0.44302858445998067,-0.09188737441552385,0
28422,-0.3351275209429557,-0.08997539840145945,0
21653,1.578448745685665,-0.6591257306148111,0
47710,-0.2041868526165377,-0.16424900405571768,0
54509,-0.09187202228954558,-0.2586301390120463,0
12958,-0.5346881728520541,-0.09306197627595905,0
3585,1.30736828029458,-1.1254521035640324,0
1654,1.5186857395698838,-0.24219878026553857,0
48770,-0.32526772048057295,-0.31111895623693037,0
17698,-0.2501474676621541,-0.10876650248441312,0
15555,-0.266830313396409,-0.18639017458103307,0
15228,-0.5494906507737986,-0.17958262428389846,0
36352,-0.4761397370730727,-0.2561565087944778,0
24944,-0.6121305762071936,-0.14283604348350842,0
42446,-0.2970702921622257,-0.10466026141094967,0
53996,-0.6145088640868036,-0.14621695359013956,0
52716,-0.12568736133634942,-0.2102340349331644,0
16408,-0.6246054800692543,-0.07262970177184433,0
31527,-0.7322380035781182,0.10886141215118585,0
16123,-0.5188412182406992,-0.1975625602635667,0
29823,0.006673503453297246,-0.13124104086433117,0
35687,-0.5119407285859516,-0.10759473268269852,0
16450,-0.4293820224497912,-0.04415067328937843,0
7791,-0.45954400327887923,-0.0904421014205125,0
34065,-0.17683959873841432,-0.13813261684440925,0
54212,-0.5698772654662385,-0.11815948790126093,0
9080,0.763236750952048,-0.5717349979560644,0
28888,-0.2575628203448092,-0.22069505249130908,0
51327,-0.5832416546407216,-0.15978320750443714,0
54269,-0.416596965997303,-0.09420041926152183,0
42536,-0.4886172587756826,-0.08003615508000453,0
51381,-0.3131866007808644,-0.23806001528046122,0
6758,1.7337666443566981,-1.0285586545007668,0
23805,-0.23368059137412656,-0.1868049043966351,0
45285,-0.15749204570028977,-0.11687482723665188,0
42874,-0.1556212625356062,-0.23454178279263652,0
14345,1.1558258492335027,1.443790236054613,0
47205,-0.38725085700876466,8.76602408479132,0
52833,0.09561695748762887,-0.20049378619206823,0
9874,-0.030792484703174323,-0.12796237251763432,0
34005,-0.5025948922063848,-0.2070931739767679,0
41967,-0.3022789788935873,-0.13653831132885816,0
36798,-0.587690194096663,-0.15717355218587692,0
14398,2.5597554776567795,1.2842444375039912,0
44308,-0.4786565073528434,-0.15190614850763887,0
41263,-0.040396641599521395,-0.17863175262473158,0
24418,-0.18979016344242824,-0.12894089671623898,0
16513,-0.5570171305438772,-0.1751673508764008,0
17707,-0.07951892522233153,-0.1631008149901197,0
8095,-0.02235413638727458,-0.12820833419031036,0
24729,-0.4553663542175034,-0.17971642581325836,0
5259,-0.5128625702600714,-0.20106982611002477,0
18430,-0.6266400222945668,-0.13432433901819127,0
2794,-0.5355310282151609,-0.15067626000287987,0
18967,-0.5589447747345693,1.401713109824959,0
41210,-0.553834810745062,-0.20084317300234453,0
27969,-0.45624975507437454,-0.09073038281507131,0
28773,-0.41734755962504644,-0.09413473441802493,0
54599,-0.5245708270271957,-0.14810814572944542,0
18126,-0.14355517307762103,-0.27909480593397595,0
4051,-0.41046338883153627,0.055934358435805624,0
2007,1.138377220251121,-0.40467315487162864,0
33445,-0.29080107329287785,-0.04324461098726559,0
43935,-0.3767065425826733,-0.28094330038207854,0
41041,-0.27481167503552256,-0.042894777776664325,0
31728,-0.535205303201106,-0.21410605001268476,0
35787,-0.779005268279556,1.0330574302999591,0
49142,-0.6428289986656158,-0.07951408709727807,0
29492,0.2364373451542583,0.4233618710383837,0
48200,-0.39769612684793676,-0.21240202524019375,0
37752,0.2315727784982101,0.8811460346519223,0
12691,-0.22118926168682915,-0.05985714499618363,0
19002,0.1814909454756086,-0.0656774597802385,0
38737,0.11486621350944966,-0.14070904187695585,0
17810,-0.43581342067224127,-0.1399459721562596,0
4211,0.1217622046305173,-0.5093258443418897,0
40577,-0.6731923516373899,-8.430339964817552e-05,0
38580,-0.5915834045899768,-0.15488967057242253,0
39640,-0.352091527738246,-0.19159656386101415,0
26485,-0.4443267054149507,-0.24127515326887827,0
18089,1.0296180601765437,-0.915952037917773,0
25627,-0.9046937212386796,0.45348785320871515,0
6688,-0.10344609598051606,-0.36134023892494854,0
20845,-0.3609978222462216,-0.2901585374233156,0
12138,-0.22846834924846884,-0.28991196311434303,0
6875,-0.5619792311351509,-0.17225642419417206,0
25482,-0.46524015783730455,-0.22900665416170288,0
37315,-0.32758320510687083,-0.15245160900226395,0
40149,-0.38647671599257255,-0.09683625819556176,0
46409,-0.6080714818581605,-0.16223054211416674,0
42512,-0.0678519648569423,-0.08862112735341998,0
51654,-0.5276097635405487,-0.08448563090833022,0
52767,-0.05716986033072205,-0.2796484364389411,0
39369,-0.2799391731738482,-0.23108313935594002,0
27990,-0.48019145240453903,-0.1545487065712616,0
28921,-0.6311889935841747,-0.13165576717849492,0
21,-0.2939427736438664,-0.37647032575740963,0
2251,-0.33660037244043794,-0.2011042685705794,0
523,-0.3103725268884161,-0.10349617584739951,0
44960,-0.17166053466623915,0.37006946845070904,0
41860,-0.8039752623593867,0.11234760494746927,0
1502,-0.3470150187475888,-0.022344843998670125,0
40200,-0.5189189971725935,-0.22570073512710717,0
37400,0.18845692720017929,-0.21541634208257004,0
25199,-0.4109304389209038,-0.11907430859531283,0
27452,-0.6622104552851024,-0.06578087772787748,0
38272,0.14802913041029242,-0.42279317062438404,0
34355,-0.242143073998581,-0.16161317542557924,0
5048,0.08295405295189354,-0.30926128727253466,0
17757,-0.48171688631356024,-0.21934087901765992,0
13428,-0.5983556395384939,-0.1691475269798995,0
4916,0.06619429273560883,-0.18024037391727155,0
7650,0.345458827501379,-0.26739001039254945,0
34164,8.824331912588823,8.24006431405489,0
19725,-0.39833292334649134,-0.16413500773192316,0
37385,-0.23367374162556126,-0.010001686525057467,0
3525,-0.5804867753153056,-0.18186888034618873,0
48235,-0.4871274522873833,-0.24833404139064533,0
25926,-0.21129752058725396,0.43347608867837306,0
37059,-0.35034614012263277,-0.2964071543414618,0
33076,-0.595511728939306,-0.13976164139163946,0
53388,-0.6187400887441072,0.5230187670349741,0
38678,0.06003626720032371,-0.2551375307484723,0
13001,-0.42150965344146607,-0.14765863653071581,0
28698,-0.3487861931137444,-0.10013457569401327,0
31442,-0.3142899531189514,-0.3713819796593837,0
27950,-0.05046018816256232,-0.20175070837574974,0
45203,-0.4218663800587532,2.285984020403057,0
48000,-0.5195501488312874,-0.1971466789378997,0
5502,0.2652704863196507,-0.1538709989675121,0
13864,-0.558743740229906,-0.1839490910984776,0
22484,-0.3061114335160604,-0.12070520096494852,0
28168,0.15428676130193122,1.3066680550842462,0
18380,-0.6012688089901268,-0.16707355867686605,0
12525,0.06737462895534009,-0.318157868498506,0
40747,-0.2831199734523095,-0.10588106114508494,0
40435,-0.24867389294125525,-0.15883324763013854,0
51139,0.42006856840618706,0.06119253754564551,0
11471,-0.09397037926097876,-0.12243364170630391,0
44563,-0.4267435761440879,-0.1372839584750539,0
53420,-0.49543035805340535,-0.15190329209857278,0
16185,-0.24111352988459528,-0.13225999179968223,0
31166,-0.6616484678599293,-0.12408755984533529,0
34145,-0.7018137226256156,-0.023733036404905428,0
3929,0.7739323355796822,-0.44687006730584067,0
10910,-0.5980288223071212,0.01917310064805909,0
